country,year,msw_gen_t,msw_trt_t,gdp_meur,population,msw_data_flag,log_gdp,log_pop,log_msw
AT,2004,4687000.0,4625000.0,269279.8,,reported,12.503506266703026,,15.360303276904844
AT,2005,4732000.0,4601000.0,275528.0,,reported,12.526444535804613,,15.369858504080414
AT,2006,4933000.0,4834000.0,284536.0,,reported,12.558615062328881,,15.411457880215876
AT,2007,4951000.0,4859000.0,295277.9,,reported,12.595672225784796,,15.415100134343561
AT,2008,4997000.0,4889000.0,299569.1,,reported,12.610100387789473,,15.424348290326343
AT,2009,4921000.0,4788000.0,288825.8,,reported,12.573579017190713,,15.409022319848114
AT,2010,4701000.0,4582000.0,294050.6,,reported,12.591507140355327,,15.363285810006268
AT,2011,4807000.0,4632000.0,302658.8,,reported,12.620361377388116,,15.385583746876097
AT,2012,4883000.0,4718000.0,304560.3,,reported,12.626624376083475,,15.401270343043798
AT,2013,4905000.0,4744000.0,303796.7,,reported,12.624114006675333,,15.4057656509816
AT,2014,4833000.0,4673000.0,306092.8,,reported,12.631643602931938,,15.39097795082722
AT,2015,4836000.0,4728000.0,310082.8,8584926.0,reported,12.64459463757153,15.965518432591065,15.39159849071682
AT,2016,4928000.0,4825000.0,316647.9,8700471.0,reported,12.66554570999459,15.978887720090441,15.410443784195493
AT,2017,5018000.0,4944000.0,323842.9,8772865.0,reported,12.688013800640613,15.987173992869474,15.428542005908504
AT,2018,5119000.0,5041000.0,331887.9,8822267.0,reported,12.712552540279416,15.992789424435015,15.44846966543972
AT,2019,5220000.0,5149000.0,337712.4,8858775.0,reported,12.729949924680879,15.996919051171197,15.468007959858822
AT,2020,7438000.0,7438000.0,316374.9,8901064.0,reported,12.664683181766774,16.001681378118565,15.822112553467152
AT,2021,7476000.0,7476000.0,331950.3,8932664.0,reported,12.712740537897462,16.005225228632796,15.82720844755759
AT,2022,7261000.0,7261000.0,349646.5,8978929.0,reported,12.764677923071902,16.010391168132337,15.798028118362383
AT,2023,7142000.0,7142000.0,346897.4,9104772.0,reported,12.756784337974436,16.02430922964415,15.781503407136531
BA,2004,,,21207.8,,missing,9.962124317520773,,
BA,2005,,,22034.3,,missing,10.000355609129098,,
BA,2006,,,23227.2,,missing,10.053079284707163,,
BA,2007,,,24588.1,,missing,10.110017865043195,,
BA,2008,1367000.0,1220000.0,25926.2,,reported,10.163009319393908,,14.128129115706086
BA,2009,1362000.0,1002000.0,25147.3,,reported,10.132505813900021,,14.124464765691595
BA,2010,1276000.0,1042000.0,25365.0,,reported,10.14112555000079,,14.059240742886873
BA,2011,1307000.0,1034000.0,25608.3,,reported,10.150671796670112,,14.083244992606359
BA,2012,1303000.0,873000.0,25397.9,,reported,10.142421772423328,,14.080179856106982
BA,2013,1192000.0,894000.0,25994.7,,reported,10.165647950070321,,13.991143126607431
BA,2014,1335000.0,894000.0,26294.6,,reported,10.177118873890247,,14.104441849816487
BA,2015,1249000.0,942000.0,27421.1,3825334.0,reported,10.219068069014789,15.15715634169202,14.037853789107714
BA,2016,1244000.0,954000.0,28310.2,3515982.0,reported,10.25097744272246,15.072829418320175,14.033842552281262
BA,2017,1235000.0,951000.0,29228.6,3509728.0,reported,10.282902960960978,15.071049099561828,14.026581528044215
BA,2018,1244000.0,956000.0,30347.8,3500295.0,reported,10.320479306216136,15.068357808622087,14.033842552281262
BA,2019,1228000.0,1114000.0,31223.6,3492018.0,reported,10.348929498119926,15.06599035056752,14.020897387689224
BA,2020,1206000.0,1101000.0,30282.1,,reported,10.318312057854655,,14.002819656269267
BA,2021,1229000.0,973000.0,32520.5,,reported,10.389625938697302,,14.021711388548171
BA,2022,1184000.0,929000.0,33895.1,3464384.0,reported,10.431025740148367,15.05804539702402,13.984409094426088
BA,2023,1186000.0,918000.0,34571.1,3441194.0,reported,10.450773351906115,15.05132906214999,13.986096858539808
BE,2004,5059000.0,5096000.0,329920.9,,reported,12.706608207741056,,15.436679393274073
BE,2005,5052000.0,5279000.0,337580.8,,reported,12.72956016804875,,15.43529476245252
BE,2006,5115000.0,5149000.0,346197.0,,reported,12.754763256175435,,15.447687957367863
BE,2007,5243000.0,5454000.0,358926.4,,reported,12.79087263252461,,15.47240441155467
BE,2008,5141000.0,4882000.0,360530.5,,reported,12.795331836844037,,15.452758171037642
BE,2009,5042000.0,4779000.0,353657.2,,reported,12.77608336136901,,15.433313386730003
BE,2010,4972000.0,4746000.0,363242.4,,reported,12.802825658983787,,15.419332731612739
BE,2011,5023000.0,4778000.0,370257.2,,reported,12.821953178261023,,15.429537922732182
BE,2012,4944000.0,4716000.0,371056.2,,reported,12.824108812597045,,15.413685278119663
BE,2013,4867000.0,4743000.0,372189.8,,reported,12.827159218193602,,15.397988288815592
BE,2014,4762000.0,4684000.0,378760.9,,reported,12.8446604142695,,15.376178306028946
BE,2015,4643000.0,4574000.0,384344.5,11237274.0,reported,12.859294564801077,16.234746846325073,15.35087126700206
BE,2016,4746000.0,4752000.0,388931.6,11311117.0,reported,12.871158771664135,16.241296605373027,15.372812715977846
BE,2017,4672000.0,4632000.0,394666.3,11351727.0,reported,12.885795876703492,16.24488044890705,15.3570978034902
BE,2018,4677000.0,4677000.0,402078.0,11398589.0,reported,12.904401378630547,16.249000133774523,15.358167436708023
BE,2019,4779000.0,4779000.0,411900.3,11455519.0,reported,12.928536608756026,16.253982180569253,15.379741877560296
BE,2020,8408000.0,8408000.0,392158.0,11522440.0,reported,12.879420098789735,16.259806996359945,15.944694191538924
BE,2021,8753000.0,8753000.0,416685.4,11554767.0,reported,12.940086779599703,16.26260863705633,15.984907056714576
BE,2022,8055000.0,8056000.0,433455.3,11617623.0,reported,12.97954395569925,16.268033727361015,15.901803574593211
BE,2023,8104000.0,8104000.0,440222.7,11742796.0,reported,12.995036014214275,16.278750504144888,15.907868324910657
BG,2004,4619000.0,3885000.0,30140.6,,reported,10.313628379082541,,15.345688789412742
BG,2005,4502000.0,3967000.0,32267.4,,reported,10.381812711611026,,15.320032300448815
BG,2006,4387000.0,3590000.0,34462.5,,reported,10.447627055332052,,15.29415618014835
BG,2007,4172000.0,3837000.0,36755.7,,reported,10.51204859465472,,15.2439060951028
BG,2008,4486000.0,4229000.0,39008.7,,reported,10.571539977156903,,15.31647199406229
BG,2009,4449000.0,4309000.0,37703.0,,reported,10.53749494586695,,15.30818990978818
BG,2010,4094000.0,4044000.0,38289.4,,reported,10.552928374460867,,15.225033045203372
BG,2011,3732000.0,3547000.0,39089.7,,reported,10.573614284160467,,15.132454840949372
BG,2012,3364000.0,3164000.0,39382.4,,reported,10.581074294978018,,15.028641300074975
BG,2013,3135000.0,3110000.0,39168.7,,reported,10.575633237444327,,14.958139732049158
BG,2014,3192000.0,3004000.0,39540.6,,reported,10.585083271116305,,14.976158237551836
BG,2015,3011000.0,2960000.0,40884.0,7029690.0,reported,10.618494067448967,15.765653166086251,14.91778280746387
BG,2016,2881000.0,2877000.0,42121.4,6938759.0,reported,10.648311204062102,15.75263349804926,14.873648014066665
BG,2017,3080000.0,3071000.0,43278.0,6849518.0,reported,10.675399701731727,15.739688842799174,14.940440154949757
BG,2018,2862000.0,2859000.0,44286.5,6757418.0,reported,10.698435169184114,15.726151422393928,14.867031239098534
BG,2019,3080000.0,3071000.0,45966.4,6664177.0,reported,10.735665973791162,15.712257023100339,14.940440154949757
BG,2020,2829000.0,2673000.0,44526.2,6569275.0,reported,10.703833058945726,15.697914034295673,14.855433850283704
BG,2021,3058000.0,3038000.0,48011.7,6532117.0,reported,10.779200010187823,15.692241644730817,14.933271665471144
BG,2022,3157000.0,2919000.0,49972.5,6482484.0,reported,10.819228133104803,15.684614328208339,14.965132767540128
BG,2023,3156000.0,2155000.0,50812.8,6447710.0,reported,10.835903570331778,15.679235586971084,14.964815960947902
CH,2004,4900000.0,4899000.0,549636.3,,reported,13.217012065744136,,15.404745763080856
CH,2005,4940000.0,4940000.0,565862.1,,reported,13.246105687924405,,15.412875889164106
CH,2006,5330000.0,5330000.0,589256.6,,reported,13.286617021414479,,15.488861796142027
CH,2007,5465000.0,5465000.0,612727.9,,reported,13.325676233828467,,15.513874679592776
CH,2008,5653000.0,5653000.0,628239.7,,reported,13.350677060524129,,15.547696935657427
CH,2009,5461000.0,5461000.0,616083.8,,reported,13.331138272224235,,15.51314248113429
CH,2010,5565000.0,5565000.0,636172.0,,reported,13.363224246011459,,15.532007542691781
CH,2011,5478000.0,5478000.0,645127.2,,reported,13.377202785637037,,15.51625062880516
CH,2012,5576000.0,5576000.0,652379.3,,reported,13.388381420225008,,15.533982231422497
CH,2013,5708000.0,5708000.0,664357.8,,reported,13.40657613874981,,15.557379257578864
CH,2014,6006000.0,6006000.0,681255.2,,reported,13.431692257957982,,15.608269527525414
CH,2015,6030000.0,6030000.0,691164.1,8237666.0,reported,13.446132556465717,15.924227609334924,15.612257568703368
CH,2016,6050000.0,6050000.0,704376.3,8327126.0,reported,13.465068009382284,15.935028936603416,15.615568830007025
CH,2017,5992000.0,5992000.0,714380.9,8419550.0,reported,13.479171572464736,15.946066940609796,15.605935804179193
CH,2018,6012000.0,6012000.0,738151.4,8484130.0,reported,13.511904231593912,15.953707917510183,15.609268029855002
CH,2019,6079000.0,6079000.0,746384.2,8544527.0,reported,13.522995760016837,15.960801518991547,15.62035076673086
CH,2020,6096000.0,6096000.0,729551.3,8606033.0,reported,13.500184966610943,15.967974026907376,15.623143376348619
CH,2021,6130000.0,6130000.0,774610.1,8670300.0,reported,13.560115084965647,15.975413950234211,15.628705307912394
CH,2022,5943000.0,5943000.0,801987.1,8738791.0,reported,13.59484780193126,15.983282408543857,15.597724614348797
CH,2023,6027000.0,6027000.0,808608.0,8815385.0,reported,13.6030695297832,15.992009048413394,15.611759932465182
CY,2004,498000.0,498000.0,16235.7,,reported,9.694967800330577,,13.11835535600679
CY,2005,508000.0,508000.0,17023.6,,reported,9.742355895624728,,13.138236726560619
CY,2006,522000.0,522000.0,17826.0,,reported,9.788413344690662,,13.165422866864775
CY,2007,540000.0,540000.0,18734.8,,reported,9.838138035963976,,13.199324418540456
CY,2008,573000.0,573000.0,19418.1,,reported,9.873960899777783,,13.258640995696876
CY,2009,589000.0,589000.0,19026.8,,reported,9.853603790606588,,13.286181462633724
CY,2010,590000.0,563000.0,19461.1,,reported,9.876172880350055,,13.287877815881902
CY,2011,589000.0,542000.0,19542.2,,reported,9.880331508818923,,13.286181462633724
CY,2012,588000.0,542000.0,18868.5,,reported,9.845249143947036,,13.284482226880764
CY,2013,547000.0,511000.0,17625.6,,reported,9.777107669654226,,13.212204081404119
CY,2014,527000.0,481000.0,17312.5,,reported,9.759184062929695,,13.1749558275235
CY,2015,540000.0,500000.0,17904.4,860846.0,reported,9.79280177167837,13.665670905623573,13.199324418540456
CY,2016,553000.0,516000.0,19081.4,863764.0,reported,9.856469317572499,13.669054862326295,13.223113280504473
CY,2017,551000.0,516000.0,20178.7,869878.0,reported,9.912382871614492,13.676108250912579,13.219490088135052
CY,2018,576000.0,494000.0,21444.3,878601.0,reported,9.973214154776823,13.686086148697537,13.263862939678027
CY,2019,586000.0,485000.0,22704.3,890194.0,reported,10.030309612843181,13.699194695482763,13.281075068559149
CY,2020,558000.0,467000.0,21973.0,902429.0,reported,9.997569705897266,13.712845295734388,13.232114241363448
CY,2021,585000.0,450000.0,24477.4,914476.0,reported,10.105505521835344,13.726106502619583,13.279367126213993
CY,2022,615000.0,469000.0,26616.4,929764.0,reported,10.189282846139639,13.742686069485188,13.329377546788654
CY,2023,633000.0,504000.0,27580.0,949084.0,reported,10.224846151347293,13.763252587900412,13.358225701126313
CZ,2004,2841000.0,2396000.0,3359301.4,,reported,15.027243593655054,,14.859666660836325
CZ,2005,2954000.0,2495000.0,3573457.8,,reported,15.089044256421749,,14.898670742073461
CZ,2006,3039000.0,2659000.0,3810134.1,,reported,15.153174943333882,,14.92703907189893
CZ,2007,3025000.0,2817000.0,4019265.7,,reported,15.206609782218983,,14.92242164944708
CZ,2008,3176000.0,2757000.0,4124259.7,,reported,15.232397094978182,,14.971133101349164
CZ,2009,3310000.0,2894000.0,3926364.4,,reported,15.18322446662796,,15.012458747353246
CZ,2010,3334000.0,3186000.0,4032952.0,,reported,15.210009171974612,,15.019683342292875
CZ,2011,3358000.0,3346000.0,4104431.3,,reported,15.227577752903496,,15.026856116619623
CZ,2012,3233000.0,3233000.0,4072799.7,,reported,15.219841207910862,,14.98892105670757
CZ,2013,3228000.0,3228000.0,4071096.8,,reported,15.219423005143963,,14.987373308371977
CZ,2014,3261000.0,3261000.0,4162501.5,,reported,15.241626773631133,,14.997544454771456
CZ,2015,3337000.0,3337000.0,4368909.9,10538275.0,reported,15.290024085152831,16.170524425444274,15.02058275773351
CZ,2016,3580000.0,3580000.0,4481665.8,10553843.0,reported,15.315505365636534,16.17200061696066,15.090873358376884
CZ,2017,5177000.0,4950000.0,4713527.7,10578820.0,reported,15.365947166538106,16.174364446983436,15.459736295884039
CZ,2018,5248000.0,5029000.0,4846935.0,10610055.0,reported,15.393857104380672,16.177312694365607,15.473357609606062
CZ,2019,5338000.0,5146000.0,5019765.9,10649800.0,reported,15.428893857114403,16.181051670600652,15.490361608946607
CZ,2020,5814000.0,5881000.0,4753473.3,10693939.0,reported,15.374386129851594,16.185187690341387,15.575779360100958
CZ,2021,5991000.0,6103000.0,4944991.7,10494836.0,reported,15.413885844574446,16.166393884625972,15.605768901066062
CZ,2022,5854000.0,5800000.0,5085784.0,10516707.0,reported,15.441959754538162,16.168475693458284,15.582635746233969
CZ,2023,5840000.0,5845000.0,5088203.8,10827529.0,reported,15.44243543823136,16.197602430432607,15.580241354804409
DE,2004,48434000.0,48434000.0,2444603.5,,reported,14.709393500051346,,17.695712604402583
DE,2005,46555000.0,46555000.0,2466119.7,,reported,14.718156501674377,,17.656144967304765
DE,2006,46426000.0,46426000.0,2561321.9,,reported,14.756034050371586,,17.65337020508953
DE,2007,47887000.0,47887000.0,2635302.6,,reported,14.784508572073817,,17.68435462679845
DE,2008,48367000.0,48367000.0,2658882.1,,reported,14.793416329264677,,17.69432832096132
DE,2009,48466000.0,48466000.0,2511215.5,,reported,14.736277456838714,,17.696373079142795
DE,2010,49237000.0,49236000.0,2615260.0,,reported,14.776874076924917,,17.712155931348097
DE,2011,50237000.0,50238000.0,2713999.1,,reported,14.813933787763043,,17.732262364965507
DE,2012,49759000.0,49759000.0,2727557.3,,reported,14.818917004718005,,17.72270190973024
DE,2013,49570000.0,49021000.0,2740231.3,,reported,14.823552890859812,,17.718896369996756
DE,2014,51102000.0,51102000.0,2801538.0,,reported,14.84567911005754,,17.749334193351274
DE,2015,51625000.0,51626000.0,2851349.6,81197537.0,reported,14.863302984017972,18.21239547215955,17.75951660924547
DE,2016,52133000.0,52133000.0,2916488.0,82175684.0,reported,14.885890710646535,18.224370001179338,17.76930870352504
DE,2017,51790000.0,51790000.0,3001079.4,82521653.0,reported,14.914482581919886,18.22857127747421,17.762707638400073
DE,2018,50260000.0,50272000.0,3038217.1,82792351.0,reported,14.926781421072425,18.231846235861212,17.73272009007972
DE,2019,50612000.0,50612000.0,3071228.4,83019213.0,reported,14.937588169825762,18.234582620900774,17.739699260291292
DE,2020,53322000.0,53322000.0,2947436.0,83166711.0,reported,14.896446197841556,18.236357717553727,17.791859561948666
DE,2021,53871000.0,53871000.0,3064154.5,83155031.0,reported,14.935282232853343,18.236217266884093,17.802102857692145
DE,2022,50606000.0,50606000.0,3121334.8,83237124.0,reported,14.953771288809383,18.237204008196038,17.739580704303087
DE,2023,51017000.0,51017000.0,3089797.2,83118501.0,reported,14.943616015652154,18.23577787042516,17.74766946847872
DK,2004,3757000.0,3757000.0,1757382.9,,reported,14.379336271713168,,15.139131324556105
DK,2005,3990000.0,3990000.0,1798850.3,,reported,14.402658296574232,,15.199301788866046
DK,2006,4021000.0,4021000.0,1867503.1,,reported,14.440112855960958,,15.207041185879412
DK,2007,4313000.0,4313000.0,1885938.7,,reported,14.449936238996203,,15.277144275629981
DK,2008,4560000.0,4560000.0,1878070.9,,reported,14.445755690966369,,15.33283318149057
DK,2009,4206000.0,4206000.0,1784646.7,,reported,14.39473102643484,,15.252022635244781
DK,2010,,,1812895.8,,missing,14.410436014284976,,
DK,2011,4803000.0,4803000.0,1836659.3,,reported,14.423458881563652,,15.384751280646961
DK,2012,4508000.0,4507000.0,1836559.5,,reported,14.4234045423013,,15.321364154141804
DK,2013,4564000.0,4563000.0,1862136.8,,reported,14.43723520350816,,15.333709989964103
DK,2014,4558000.0,4559000.0,1885934.9,,reported,14.449934224082448,,15.332394488787767
DK,2015,4671000.0,4671000.0,1925622.8,5659715.0,reported,14.470760005846211,15.548884095554703,15.356883739484244
DK,2016,4757000.0,4757000.0,1984798.1,5707251.0,reported,14.501027754083978,15.557248029627578,15.375127775414418
DK,2017,4728000.0,4728000.0,2045463.0,5748769.0,reported,14.531134727701069,15.564496302897128,15.369012838068072
DK,2018,4715000.0,4707000.0,2083508.7,5781190.0,reported,14.549563905501874,15.570120101810637,15.366259474049695
DK,2019,4907000.0,4907000.0,2119165.9,5806081.0,reported,14.566533125832809,15.574416374554481,15.40617331507204
DK,2020,4744000.0,4744000.0,2081442.5,5822763.0,reported,14.548571720926217,15.577285449321204,15.372391219659699
DK,2021,4688000.0,4688000.0,2216741.6,5840045.0,reported,14.611548927903845,15.580249060254175,15.360516610238985
DK,2022,4478000.0,4478000.0,2226580.2,5873420.0,reported,14.615977423755394,15.585947645654468,15.314687076140837
DK,2023,4513000.0,4513000.0,2251670.1,5932654.0,reported,14.627182765503612,15.595982225657199,15.322472678809138
EE,2004,606000.0,534000.0,13738.2,,reported,9.527935552827707,,13.314635265051452
EE,2005,587000.0,502000.0,15046.5,,reported,9.61890068499165,,13.282780098810234
EE,2006,536000.0,467000.0,16515.4,,reported,9.712048557937273,,13.19188944005294
EE,2007,602000.0,531000.0,17765.8,,reported,9.785030539808215,,13.308012724290958
EE,2008,524000.0,440000.0,16855.2,,reported,9.73241449351292,,13.169246963303179
EE,2009,452000.0,383000.0,14389.3,,reported,9.574240153805926,,13.021437458814368
EE,2010,406000.0,340000.0,14741.8,,reported,9.598442274976973,,12.91410843858387
EE,2011,399000.0,332000.0,15863.2,,reported,9.671757240284595,,12.896716695872
EE,2012,371000.0,247000.0,16445.7,,reported,9.707819323846769,,12.823957341589573
EE,2013,386000.0,336000.0,16734.5,,reported,9.725227735696844,,12.863592648446968
EE,2014,470000.0,398000.0,17290.6,,reported,9.757918280215197,,13.060487973686241
EE,2015,473000.0,411000.0,17608.4,1313271.0,reported,9.776131339895114,14.08803152955072,13.06685066747407
EE,2016,494000.0,453000.0,18153.0,1315944.0,reported,9.80659111529043,14.090064836770498,13.110290796170059
EE,2017,514000.0,492000.0,19175.9,1315635.0,reported,9.861409561248724,14.089829996774116,13.149978544437301
EE,2018,535000.0,505000.0,19885.4,1319133.0,reported,9.897741073104548,14.092485260581174,13.190022025878143
EE,2019,490000.0,458000.0,20626.4,1324820.0,reported,9.9343270876871,14.096787159117538,13.102160670086809
EE,2020,509000.0,440000.0,20031.6,1328889.0,reported,9.905066305649342,14.099853812762577,13.14020329553266
EE,2021,525000.0,518000.0,21685.2,1330068.0,reported,9.984385279192118,14.100740626710502,13.17115354157376
EE,2022,503000.0,445000.0,21837.3,1331796.0,reported,9.991374795842844,14.102038965200176,13.128345449081877
EE,2023,512000.0,464000.0,21197.1,1365884.0,reported,9.961619658850333,14.127312396034096,13.146079904021645
EL,2004,4782000.0,4781000.0,221684.0,,reported,12.309008223401495,,15.380369427000407
EL,2005,4853000.0,4867000.0,224307.6,,reported,12.320773603126431,,15.395107628387354
EL,2006,4927000.0,4927000.0,238760.7,,reported,12.383217074092663,,15.4102408415261
EL,2007,5002000.0,5002000.0,247133.7,,reported,12.417684764709083,,15.425348390419702
EL,2008,5077000.0,5078000.0,247275.7,,reported,12.418259187460368,,15.440231093929532
EL,2009,5154000.0,5154000.0,237089.8,,reported,12.376194251305257,,15.455283670194447
EL,2010,5917000.0,5917000.0,223590.5,,reported,12.317571532777317,,15.593340121658832
EL,2011,5586000.0,5586000.0,201507.0,,reported,12.213579399219569,,15.535774025487258
EL,2012,5463000.0,5463000.0,184719.1,,reported,12.126591571777443,,15.513508647377854
EL,2013,5284000.0,5284000.0,180522.1,,reported,12.103608486933323,,15.480193944624354
EL,2014,5315000.0,5315000.0,181952.2,,reported,12.111499294201064,,15.486043569758186
EL,2015,5277000.0,5277000.0,181536.8,10818041.0,reported,12.109213666955998,16.19672576138599,15.478868312387805
EL,2016,5367000.0,5367000.0,181479.1,10735415.0,reported,12.108895774541446,16.18905864714118,15.495779651158966
EL,2017,5415000.0,5415000.0,184152.5,10707527.0,reported,12.12351949767028,16.186457510065495,15.504683438417228
EL,2018,5523000.0,5523000.0,187954.7,10667336.0,reported,12.143956255330368,16.182696920127192,15.524431748883325
EL,2019,5613000.0,5613000.0,192234.8,10635213.0,reported,12.166472820523074,16.179681034624657,15.540595893924337
EL,2020,5335000.0,5335000.0,174556.4,10612591.0,reported,12.070003177572842,16.177551684358853,15.48979944271799
EL,2021,5381000.0,5381000.0,189663.4,10555344.0,reported,12.153006201093444,16.172142829922485,15.498384788471556
EL,2022,5420000.0,5420000.0,200136.6,10461627.0,reported,12.206755412391823,16.163224549438272,15.505606373415828
EL,2023,5440000.0,5440000.0,204411.3,10401868.0,reported,12.227889419540935,16.157495963367303,15.509289618832126
ES,2004,25746000.0,22361000.0,994894.0,,reported,13.810391477802407,,17.063789833201717
ES,2005,25683000.0,22554000.0,1030224.9,,reported,13.845287685885596,,17.06133985239273
ES,2006,26209000.0,26209000.0,1071881.4,,reported,13.884925980164097,,17.081613421195158
ES,2007,26154000.0,26154000.0,1109756.4,,reported,13.919651089744306,,17.079512700448586
ES,2008,25317000.0,25317000.0,1118270.0,,reported,13.927293406223466,,17.046986664808212
ES,2009,25108000.0,25108000.0,1076132.1,,reported,13.888883781685035,,17.03869707841956
ES,2010,23774000.0,23774000.0,1077145.0,,reported,13.889824580316768,,16.984103104522706
ES,2011,22672000.0,22672000.0,1070252.1,,reported,13.883404786163641,,16.9366412409126
ES,2012,21896000.0,21896000.0,1039588.2,,reported,13.854335231165624,,16.90181452970265
ES,2013,21184000.0,21184000.0,1024749.9,,reported,13.839959140781803,,16.868756737718872
ES,2014,20836000.0,20836000.0,1040331.1,,reported,13.855049585834665,,16.852192817847218
ES,2015,21158000.0,21158000.0,1082577.6,46425722.0,reported,13.89485542220171,17.65336421704765,16.867528642528857
ES,2016,21542000.0,21542000.0,1114136.4,46418884.0,reported,13.923590133625705,17.653216917160083,16.88551507589285
ES,2017,22018000.0,22018000.0,1146402.2,46497393.0,reported,13.9521390745452,17.654906804469782,16.907370858612484
ES,2018,22229000.0,22229000.0,1173863.3,46645070.0,reported,13.975810833067573,17.658077799072824,16.916908300673047
ES,2019,22262000.0,22262000.0,1196884.8,46918951.0,reported,13.995232739307182,17.663932224295873,16.918391747035308
ES,2020,21928000.0,21928000.0,1065944.8,47318050.0,reported,13.879372100003197,17.672402387434147,16.903274916964758
ES,2021,22853000.0,22853000.0,1137183.4,47400798.0,reported,13.94406506139602,17.674149621966627,16.94459295771502
ES,2022,23153000.0,23153000.0,1209625.6,47486843.0,reported,14.005821448204616,17.675963241162517,16.957634919733337
ES,2023,22433000.0,22433000.0,1239392.8,48085361.0,reported,14.030132140230725,17.68848834363927,16.926043646995442
FI,2004,2453000.0,2532000.0,174837.8,,reported,12.071613965965117,,14.712822323240626
FI,2005,2506000.0,2547000.0,179693.6,,reported,12.099008457223679,,14.73419841443815
FI,2006,2600000.0,2600000.0,186916.5,,reported,12.138417272050996,,14.77102200299171
FI,2007,2675000.0,2675000.0,196847.0,,reported,12.190182056225273,,14.799459938312244
FI,2008,2768000.0,2832000.0,198391.2,,reported,12.197996118010495,,14.833635595719697
FI,2009,2562000.0,2562000.0,182369.0,,reported,12.113787386037835,,14.756298761438817
FI,2010,2519000.0,2519000.0,188147.0,,reported,12.144978851169512,,14.739372555334747
FI,2011,2719000.0,2718000.0,192644.5,,reported,12.168601800464312,,14.815774723614608
FI,2012,2738000.0,2738000.0,189710.8,,reported,12.153256086300432,,14.822738284830532
FI,2013,2682000.0,2682000.0,187852.1,,reported,12.143410230071915,,14.80207334282376
FI,2014,2630000.0,2630000.0,186954.1,,reported,12.138618411162373,,14.782494404153947
FI,2015,2738000.0,2738000.0,187826.2,5471753.0,reported,12.143272346142814,15.515109598376844,14.822738284830532
FI,2016,2768000.0,2768000.0,192657.0,5487308.0,reported,12.168666684717317,15.51794834714297,14.833635595719697
FI,2017,2812000.0,2812000.0,199021.1,5503297.0,reported,12.201166128236585,15.52085792514705,14.849406531912692
FI,2018,3041000.0,3041000.0,201395.4,5513130.0,reported,12.213025418886593,15.52264307792141,14.927696966659502
FI,2019,3123000.0,3123000.0,204113.7,5517919.0,reported,12.226432470504069,15.523511354420021,14.954304636265215
FI,2020,3370000.0,3370000.0,199029.2,5525292.0,reported,12.201206826610639,15.524846654650275,15.030423302328545
FI,2021,3491000.0,3491000.0,204355.9,5533793.0,reported,12.227618360608911,15.526384033497507,15.065698786087173
FI,2022,2898000.0,2898000.0,205915.2,5548241.0,reported,12.235219712534962,15.528991498550555,14.879531401862765
FI,2023,2612000.0,2612000.0,203259.5,5563970.0,reported,12.22223876678516,15.531822440206478,14.775626769378459
FR,2004,32444000.0,32444000.0,1869659.3,,reported,14.441266779718328,,17.295026084172374
FR,2005,33347000.0,33347000.0,1904969.0,,reported,14.459976293444653,,17.322478371257223
FR,2006,33962000.0,33962000.0,1956671.1,,reported,14.486755168891694,,17.340752810488382
FR,2007,34577000.0,34577000.0,2006184.3,,reported,14.511745117660695,,17.35869927910604
FR,2008,34501000.0,34501000.0,2013811.3,,reported,14.51553965373006,,17.356498867088764
FR,2009,34426000.0,34426000.0,1956930.1,,reported,14.486887527804697,,17.35432265081359
FR,2010,34609000.0,34609000.0,1996075.1,,reported,14.506693360396236,,17.35962432181069
FR,2011,34790000.0,34790000.0,2044731.0,,reported,14.53077679846455,,17.364840547128125
FR,2012,34484000.0,34484000.0,2048489.9,,reported,14.532613445520003,,17.356006006311954
FR,2013,34176000.0,34176000.0,2064504.1,,reported,14.540400610259326,,17.347034201302005
FR,2014,34260000.0,34260000.0,2085104.4,,reported,14.550329483903926,,17.34948905086025
FR,2015,34344000.0,34344000.0,2107347.3,66458153.0,reported,14.560940510717106,18.012083029351967,17.351937888886532
FR,2016,36891000.0,36930000.0,2125471.2,66638391.0,reported,14.569504076936184,18.01479141087351,17.423478176822695
FR,2017,37357000.0,37339000.0,2169757.8,66809816.0,reported,14.590126106384233,18.017360573819136,17.436030868314848
FR,2018,37380000.0,36603000.0,2205470.1,67026224.0,reported,14.606451241418684,18.020594503762148,17.43664635999169
FR,2019,37407000.0,36566000.0,2250184.8,67290471.0,reported,14.62652290414118,18.02452919469417,17.437368410646833
FR,2020,36096000.0,34877000.0,2082756.5,67473651.0,reported,14.549202814706131,18.02724772407864,17.401692613839867
FR,2021,38272000.0,36428000.0,2226098.8,67728568.0,reported,14.615761194378933,18.0310186281948,17.460229116292442
FR,2022,36421000.0,34568000.0,2286576.7,68091703.0,reported,14.642566366236638,18.036365928161214,17.410656089327755
FR,2023,36035000.0,33975000.0,2323916.2,68436003.0,reported,14.65876433778402,18.041409603763253,17.40000124634068
HR,2004,1311000.0,,41205.7,,reported,10.62633187528277,,14.086300762745838
HR,2005,1449000.0,,42988.7,,reported,10.668692569442499,,14.18638422130282
HR,2006,1654000.0,1221000.0,45167.8,,reported,10.7181397225699,,14.318707154565773
HR,2007,1719000.0,1704000.0,47448.5,,reported,10.767400191315003,,14.357253284364987
HR,2008,1788000.0,1780000.0,48384.6,,reported,10.786936860255967,,14.396608234715597
HR,2009,1743000.0,1732000.0,45088.5,,reported,10.716382504062043,,14.371118324502158
HR,2010,1630000.0,1604000.0,44486.1,,reported,10.702932059809363,,14.304090572782945
HR,2011,1645000.0,1633000.0,44436.7,,reported,10.701820983570604,,14.31325094218161
HR,2012,1670000.0,1627000.0,43442.5,,reported,10.679193503596409,,14.328334184392938
HR,2013,1721000.0,1671000.0,43384.4,,reported,10.677855208467328,,14.358416075193677
HR,2014,1637000.0,1582000.0,43142.5,,reported,10.672263869121734,,14.308375856353273
HR,2015,1654000.0,1617000.0,44143.4,4180915.0,reported,10.69519870448358,15.246040680067466,14.318707154565773
HR,2016,1680000.0,1642000.0,45673.6,4131115.0,reported,10.72927572943545,15.234057904287235,14.334304351379442
HR,2017,1716000.0,1649000.0,47173.5,4078769.0,reported,10.761587573228846,15.221305785168735,14.355506559030045
HR,2018,1768000.0,1619000.0,48546.7,4014341.0,reported,10.790281500245579,15.205383757395817,14.385359522179726
HR,2019,1812000.0,1621000.0,50052.4,3968676.0,reported,10.820825735641655,15.193943095780014,14.409941765585062
HR,2020,1693000.0,1525000.0,45892.6,3933511.0,reported,10.734059163007716,15.185042969239198,14.342012661115273
HR,2021,1767000.0,1590000.0,51689.9,3893026.0,reported,10.853017683578038,15.174697305224285,14.384793751301833
HR,2022,1844000.0,1659000.0,55460.4,3862305.0,reported,10.923424531549097,15.166774713476812,14.427447683098675
HR,2023,1833000.0,1641000.0,57546.6,3850894.0,reported,10.960350333343106,15.163815887100117,14.421464526821842
HU,2004,4592000.0,4552000.0,26491239.7,,reported,17.09232465894522,,15.339826216981539
HU,2005,4646000.0,4606000.0,27630438.0,,reported,17.13442854910837,,15.35151719231249
HU,2006,4711000.0,4671000.0,28717400.6,,reported,17.173013789691623,,15.365410757682179
HU,2007,4594000.0,4365000.0,28812844.1,,reported,17.176331821383016,,15.34026166223118
HU,2008,4553000.0,4426000.0,29099081.6,,reported,17.186217171506232,,15.331296914316919
HU,2009,4312000.0,4284000.0,27137755.2,,reported,17.116436497085775,,15.27691239157097
HU,2010,4033000.0,4033000.0,27427573.0,,reported,17.12705937923254,,15.210021073855506
HU,2011,3809000.0,3809000.0,27953279.8,,reported,17.14604509594036,,15.152877245460742
HU,2012,3988000.0,3988000.0,27578850.0,,reported,17.132559732578294,,15.198800410063866
HU,2013,3738000.0,3738000.0,28139299.1,,reported,17.152677701735485,,15.134061266997644
HU,2014,3795000.0,3713000.0,29358955.8,,reported,17.19510819568303,,15.149194968811868
HU,2015,3712000.0,3710000.0,30433439.6,9815858.0,reported,17.231052548676313,16.09950979909058,15.127081372888227
HU,2016,3721000.0,3734000.0,31175602.1,9779652.0,reported,17.255146362896397,16.095814458555832,15.12950300732876
HU,2017,3768000.0,3752000.0,32461341.2,9739857.0,reported,17.295560437743035,16.091736993786093,15.142054914678392
HU,2018,3729000.0,3746000.0,34281168.8,9713655.0,reported,17.350106746795223,16.089043185506664,15.131650659160957
HU,2019,3780000.0,3791000.0,36021687.2,9700272.0,reported,17.39963173725918,16.08766448431758,15.14523456759577
HU,2020,3931000.0,3931000.0,34458805.1,9689376.0,reported,17.355275113477376,16.08654058550859,15.184404404403997
HU,2021,4042000.0,4042000.0,36947735.6,9651461.0,reported,17.425014920666,16.082619860819232,15.212250176945703
HU,2022,3911000.0,3911000.0,38481946.2,9610403.0,reported,17.465699759405886,16.078356715551077,15.179303653737652
HU,2023,4115000.0,4115000.0,38167507.4,9599744.0,reported,17.457495119995446,16.077246989415837,15.230149392093308
IE,2004,3001000.0,2704000.0,155082.1,,reported,11.95170993309117,,14.914456124422504
IE,2005,3041000.0,2779000.0,163996.4,,reported,12.007599755345892,,14.927696966659502
IE,2006,3385000.0,3100000.0,172174.3,,reported,12.056262614773736,,15.034864464328512
IE,2007,3398000.0,3175000.0,181330.6,,reported,12.108077163526952,,15.038697581214015
IE,2008,3224000.0,3104000.0,173198.1,,reported,12.062191305073396,,14.986133382608656
IE,2009,2953000.0,2825000.0,164376.0,,reported,12.009911765545851,,14.89833216072606
IE,2010,2846000.0,2622000.0,167151.0,,reported,12.026652874480662,,14.861425057631935
IE,2011,2823000.0,2558000.0,169836.0,,reported,12.04258854452184,,14.853310707235627
IE,2012,2693000.0,2439000.0,169157.4,,reported,12.038584921404459,,14.806166371793736
IE,2013,,,172862.0,,missing,12.060248867296389,,
IE,2014,2619000.0,2473000.0,189108.2,,reported,12.15007461700623,,14.778303123489849
IE,2015,,,235720.8,4677627.0,missing,12.370403332803209,15.358301488017807,
IE,2016,2763000.0,2718000.0,238600.1,4726286.0,reported,12.382544207757348,15.368650251190802,14.831827603905554
IE,2017,2768000.0,2724000.0,262714.3,4799157.0,reported,12.478822408908522,15.383950835454243,14.833635595719697
IE,2018,2912000.0,2865000.0,282901.9,4855733.0,reported,12.552855473421223,15.395670626684286,14.884350688298714
IE,2019,3086000.0,3037000.0,296984.9,4940311.0,reported,12.60143657474151,15.41293884264808,14.942386311905244
IE,2020,3210000.0,3181000.0,317724.1,5012600.0,reported,12.668938675107972,15.427465300522648,14.9817814951062
IE,2021,3164000.0,3139000.0,370327.8,5066893.0,reported,12.822143838347882,15.438238367203304,14.967347607869682
IE,2022,3191000.0,3151000.0,400539.6,5154277.0,reported,12.900567917007097,15.455337413414593,14.97584490526038
IE,2023,3135000.0,3102000.0,387299.3,5271395.0,reported,12.866953058116753,15.477805591371478,14.958139732049158
IS,2004,147000.0,144000.0,1517954.9,,reported,14.232874526351429,,11.898187865760873
IS,2005,153000.0,121000.0,1624657.1,,reported,14.300807336094481,,11.938193200374572
IS,2006,171000.0,130000.0,1716801.4,,reported,14.355973466328882,,12.049418835484797
IS,2007,174000.0,134000.0,1866872.6,,reported,14.439775182380878,,12.066810578196666
IS,2008,208000.0,208000.0,1898602.2,,reported,14.456628489177715,,12.245293358683455
IS,2009,132000.0,132000.0,1740610.7,,reported,14.369746586624183,,11.790557201568507
IS,2010,154000.0,154000.0,1701937.5,,reported,14.347277865937093,,11.944707881395766
IS,2011,158000.0,158000.0,1725424.2,,reported,14.36098349125942,,11.970350312009105
IS,2012,164000.0,165000.0,1745599.7,,reported,14.372608722200251,,12.007621706806335
IS,2013,167000.0,166000.0,1808388.2,,reported,14.407946509276233,,12.025749091398891
IS,2014,175000.0,175000.0,1842997.4,,reported,14.426903825907612,,12.072541252905651
IS,2015,195000.0,175000.0,1912452.5,329100.0,reported,14.463897007773086,12.704116934931431,12.180754837545884
IS,2016,220000.0,220000.0,2031370.4,332529.0,reported,14.524221197149714,12.714482353319886,12.301382825334498
IS,2017,225000.0,225000.0,2102165.1,338349.0,reported,14.558478371578174,12.731833186136571,12.323855681186558
IS,2018,247000.0,247000.0,2200142.1,348450.0,reported,14.604032507151732,12.761250026866666,12.417143615610113
IS,2019,,,2225184.4,356991.0,missing,14.615350346552912,12.785465850359962,
IS,2020,225000.0,225000.0,2077301.4,364134.0,reported,14.546580205474314,12.805277210743098,12.323855681186558
IS,2021,246000.0,246000.0,2184917.5,368792.0,reported,14.597088628361927,12.817988078455333,12.4130868149145
IS,2022,227000.0,227000.0,2378442.2,376248.0,reported,14.681956293529138,12.838003779416477,12.332705296463539
IS,2023,224000.0,224000.0,2498131.5,387758.0,reported,14.731053610395804,12.868136712676371,12.319401330837177
IT,2004,31150000.0,26626000.0,1633669.9,,reported,14.306339514409537,,17.254324803197736
IT,2005,31668000.0,26810000.0,1646125.2,,reported,14.31393472050997,,17.27081726527346
IT,2006,32516000.0,27829000.0,1675746.9,,reported,14.331769534300546,,17.2972428338486
IT,2007,32536000.0,29076000.0,1700251.2,,reported,14.346286562816198,,17.297857726569198
IT,2008,32461000.0,28178000.0,1682855.3,,reported,14.336002492055401,,17.295549926723446
IT,2009,32107000.0,29840000.0,1593577.2,,reported,14.281491858481205,,17.284584632862583
IT,2010,32440000.0,30505000.0,1617944.7,,reported,14.296667198018966,,17.294902787211488
IT,2011,31386000.0,29928000.0,1629196.9,,reported,14.303597751980217,,17.261872491580803
IT,2012,29994000.0,28765000.0,1578280.6,,reported,14.271846584605198,,17.216507919623762
IT,2013,29573000.0,28538000.0,1549587.1,,reported,14.25349906631131,,17.202372340859064
IT,2014,29652000.0,27537000.0,1549565.6,,reported,14.253485191551283,,17.205040134758747
IT,2015,29524000.0,26926000.0,1563289.6,60295497.0,reported,14.262302876949414,17.914767982292062,17.20071404987208
IT,2016,30112000.0,27374000.0,1582615.3,60163712.0,reported,14.274589289746036,17.91257993783002,17.220434321367243
IT,2017,29572000.0,26948000.0,1607995.7,60066734.0,reported,14.29049905458812,17.910966735446465,17.202338525659126
IT,2018,30165000.0,27488000.0,1621288.1,59937769.0,reported,14.298731514722165,17.908817398606203,17.222192869857
IT,2019,30023000.0,27607000.0,1628246.1,59816673.0,reported,14.303013981196198,17.90679499276885,17.21747431255433
IT,2020,28945000.0,26304000.0,1483849.6,59641488.0,reported,14.210150349864541,17.903861997247763,17.180908035495243
IT,2021,29254000.0,26751000.0,1616373.2,59236213.0,reported,14.295695431994563,17.89704361891941,17.191526874429172
IT,2022,28692000.0,25936000.0,1694301.4,59030133.0,reported,14.342781060445803,17.893558600305983,17.17212889622846
IT,2023,28840000.0,24943000.0,1709936.3,58997201.0,reported,14.351966676323002,17.89300056006668,17.177273870381022
LT,2004,1260000.0,1177000.0,24530.7,,reported,10.107680673331313,,14.04662227892766
LT,2005,1287000.0,1198000.0,26427.3,,reported,10.18215284573981,,14.067824486578264
LT,2006,1326000.0,1237000.0,28381.7,,reported,10.253499850258992,,14.097677449727945
LT,2007,1354000.0,1347000.0,31525.9,,reported,10.358564709196429,,14.118573732454358
LT,2008,1369000.0,1353000.0,32345.4,,reported,10.384227095073438,,14.129591104270586
LT,2009,1206000.0,1196000.0,27545.8,,reported,10.22360535286862,,14.002819656269267
LT,2010,1253000.0,1143000.0,27663.4,,reported,10.227865518850388,,14.041051233878205
LT,2011,1339000.0,1309000.0,29412.8,,reported,10.289185232728608,,14.107433624673309
LT,2012,1330000.0,1283000.0,30701.9,,reported,10.332079820911042,,14.100689500197937
LT,2013,1280000.0,1246000.0,31944.4,,reported,10.371752170578008,,14.0623706358958
LT,2014,1270000.0,1247000.0,33149.5,,reported,10.408782912544,,14.054527458434775
LT,2015,1300000.0,1283000.0,34088.6,2926644.0,reported,10.436718296526838,14.889366932038483,14.077874822431765
LT,2016,1272000.0,1211000.0,34999.4,2895573.0,reported,10.463086197467467,14.878693576865317,14.056101022882205
LT,2017,1286000.0,1275000.0,36613.6,2859077.0,reported,10.508175035068414,14.866009403435655,14.067047183779701
LT,2018,1301000.0,1167000.0,38414.4,2826200.0,reported,10.556187668280892,14.854443611130783,14.078643757494643
LT,2019,1319000.0,1159000.0,40211.2,2812200.0,reported,10.601900842768574,14.849477653138852,14.092384431699452
LT,2020,1350000.0,1197000.0,40228.4,2809977.0,reported,10.602328492837994,14.84868685622305,14.115615150414612
LT,2021,1345000.0,1290000.0,42801.0,2810761.0,reported,10.664316745782925,14.848965823150555,14.111904571018076
LT,2022,1317000.0,1324000.0,43856.1,2805998.0,reported,10.68866909872968,14.847269826885915,14.090866980725417
LT,2023,1282000.0,1266000.0,44180.5,2857279.0,reported,10.69603879424823,14.865380331327726,14.063931916462753
LU,2004,311000.0,311000.0,36068.9,,reported,10.493186277175287,,12.647548191161372
LU,2005,313000.0,313000.0,36964.3,,reported,10.517707860979758,,12.65395846952229
LU,2006,323000.0,323000.0,39188.3,,reported,10.576133511839947,,12.685407602204794
LU,2007,333000.0,333000.0,42362.0,,reported,10.654007012953944,,12.71589776896258
LU,2008,341000.0,341000.0,42233.9,,reported,10.650978495072811,,12.739637756265655
LU,2009,338000.0,338000.0,40866.0,,reported,10.618053700469373,,12.730801174465157
LU,2010,344000.0,344000.0,42402.7,,reported,10.654967318437896,,12.748396936355535
LU,2011,345000.0,345000.0,42845.5,,reported,10.665355901008285,,12.751299696013497
LU,2012,346000.0,346000.0,43552.3,,reported,10.681717793744882,,12.75419405403986
LU,2013,335000.0,335000.0,44933.7,,reported,10.712943348996328,,12.721885810807203
LU,2014,348000.0,348000.0,46112.3,,reported,10.738835004676767,,12.759957758756611
LU,2015,346000.0,346000.0,47158.3,562958.0,reported,10.7612653065037,13.240960303983842,12.75419405403986
LU,2016,474000.0,474000.0,49506.0,576249.0,reported,10.809849153332399,13.264295137933573,13.068962600677214
LU,2017,476000.0,476000.0,50158.0,590667.0,reported,10.822933302103584,13.28900768581298,13.073173133213556
LU,2018,488000.0,488000.0,50966.2,602005.0,reported,10.83891794689581,13.308021029904307,13.098070684835283
LU,2019,491000.0,491000.0,52367.4,613894.0,reported,10.866039539296773,13.327577553789068,13.104199406776658
LU,2020,498000.0,498000.0,52100.3,626108.0,reported,10.86092598588227,13.34727815916335,13.11835535600679
LU,2021,508000.0,508000.0,55710.8,634730.0,reported,10.927929302990737,13.360954990602622,13.138236726560619
LU,2022,471000.0,471000.0,55099.4,645397.0,reported,10.91689410578952,13.377620910309059,13.062613372998555
LU,2023,478000.0,478000.0,55154.2,660809.0,reported,10.917888177720283,13.401220120950878,13.077366011473593
LV,2004,720000.0,647000.0,16307.9,,reported,9.699404931960569,,13.487006490992238
LV,2005,716000.0,596000.0,18202.1,,reported,9.809292251023978,,13.481435445942783
LV,2006,760000.0,709000.0,20536.6,,reported,9.929963939108976,,13.541073712262515
LV,2007,861000.0,782000.0,22675.3,,reported,10.029031505325804,,13.665849783409868
LV,2008,752000.0,756000.0,21906.9,,reported,9.994556934674089,,13.530491602931978
LV,2009,753000.0,753000.0,18393.1,,reported,9.819730873266995,,13.531820506782031
LV,2010,680000.0,680000.0,17719.6,,reported,9.782426650540858,,13.42984807715229
LV,2011,721000.0,601000.0,18257.7,,reported,9.812342187836567,,13.488394416267086
LV,2012,658000.0,615000.0,19591.4,,reported,9.882845973418263,,13.396960210307455
LV,2013,704000.0,715000.0,20002.1,,reported,9.903592547024013,,13.46453363514018
LV,2014,726000.0,722000.0,20421.1,,reported,9.924323959023909,,13.495305293806933
LV,2015,798000.0,738000.0,21193.7,1986096.0,reported,9.961459246685084,14.501681460787573,13.589863876431945
LV,2016,802000.0,737000.0,21734.5,1968957.0,reported,9.986656138787458,14.4930145188861,13.594863886848652
LV,2017,798000.0,737000.0,22473.3,1950116.0,reported,10.020083216879447,14.483399415950124,13.589863876431945
LV,2018,785000.0,676000.0,23441.8,1934379.0,reported,10.062276032551482,14.475296902704333,13.573438996764546
LV,2019,840000.0,854000.0,23600.1,1919968.0,reported,10.06900622829286,14.467819077198406,13.641157170819497
LV,2020,909000.0,865000.0,22781.4,1907675.0,reported,10.033699692531531,14.461395781051873,13.720100373159616
LV,2021,869000.0,868000.0,24363.0,1893223.0,reported,10.10082086695052,14.453791225683304,13.67509840424753
LV,2022,872000.0,848000.0,24828.0,1875757.0,reported,10.119727327533543,14.44452286924161,13.678544702891116
LV,2023,824000.0,,24594.2,1895239.0,reported,10.110265921764059,14.454855509918064,13.621925808891609
MT,2004,254000.0,254000.0,5675.3,,reported,8.643878704388504,,12.445089546000673
MT,2005,253000.0,253000.0,5838.8,,reported,8.672280575256423,,12.441144767709657
MT,2006,270000.0,270000.0,5975.2,,reported,8.695372849042856,,12.506177237980511
MT,2007,275000.0,275000.0,6276.2,,reported,8.744519980776653,,12.524526376648708
MT,2008,282000.0,282000.0,6553.0,,reported,8.787678239039497,,12.54966234992025
MT,2009,277000.0,277000.0,6461.5,,reported,8.773616767965246,,12.531772785169476
MT,2010,258000.0,249000.0,6862.0,,reported,8.833754223418396,,12.460714863903755
MT,2011,259000.0,256000.0,6930.1,,reported,8.843629522094266,,12.464583340681674
MT,2012,257000.0,250000.0,7214.3,,reported,8.883820446404197,,12.456831363877356
MT,2013,257000.0,243000.0,7668.3,,reported,8.9448502270309,,12.456831363877356
MT,2014,273000.0,252000.0,8253.5,,reported,9.018392631787595,,12.517227074167097
MT,2015,285000.0,332000.0,9047.5,438805.0,reported,9.110243755437898,12.991810402031145,12.560244459250788
MT,2016,292000.0,259000.0,9416.5,449635.0,reported,9.150218748634801,13.01619142150679,12.584509081250419
MT,2017,312000.0,284000.0,10637.9,459375.0,reported,9.272178374994873,13.037622148949238,12.65075846679162
MT,2018,326000.0,306000.0,11402.7,474837.0,reported,9.341605448445186,13.070726866229897,12.694652660348845
MT,2019,351000.0,353000.0,11868.5,492968.0,reported,9.381643110621006,13.108199542196056,12.768541502448002
MT,2020,331000.0,310000.0,11458.2,514855.0,reported,9.346460909869423,13.151640586604216,12.7098736543592
MT,2021,317000.0,325000.0,12983.1,516125.0,reported,9.471403790710626,13.154104263188392,12.666657052859417
MT,2022,328000.0,319000.0,13510.2,520174.0,reported,9.51120023469367,13.161918649970984,12.70076888736628
MT,2023,333000.0,312000.0,14469.0,542051.0,reported,9.579763708737081,13.203115371935997,12.71589776896258
NL,2004,9746000.0,8009000.0,587837.4,,reported,13.28420565802688,,16.09236750238559
NL,2005,9769000.0,8034000.0,599794.1,,reported,13.304341708636462,,16.09472466463508
NL,2006,9761000.0,8049000.0,621010.6,,reported,13.339103430013093,,16.093905412157103
NL,2007,9922000.0,8255000.0,645139.5,,reported,13.37722185146273,,16.11026507184313
NL,2008,9868000.0,9869000.0,658795.5,,reported,13.3981684466612,,16.104807756631384
NL,2009,9738000.0,9737000.0,634648.7,,reported,13.360826896441106,,16.091546315724784
NL,2010,9484000.0,9483000.0,643022.0,,reported,13.373934217253423,,16.06511672616743
NL,2011,9479000.0,9480000.0,654424.7,,reported,13.391511808057146,,16.06458938343518
NL,2012,9203000.0,9202000.0,648025.6,,reported,13.381685480726903,,16.035040075820994
NL,2013,8840000.0,8841000.0,647829.6,,reported,13.381382977790626,,15.994797434613826
NL,2014,8894000.0,8893000.0,658276.3,,reported,13.39738003098501,,16.00088745005278
NL,2015,8866000.0,8866000.0,672235.9,16900726.0,reported,13.418364599571243,16.64286713755049,15.997734294287136
NL,2016,8861000.0,8861000.0,688532.8,16979120.0,reported,13.442318235812767,16.647494911827213,15.99717018302944
NL,2017,8792000.0,8792000.0,707684.4,17081507.0,reported,13.46975351058226,16.653506974282614,15.989352775065594
NL,2018,8806000.0,8806000.0,723669.1,17181084.0,reported,13.492089522692424,16.65931956915386,15.990943865297837
NL,2019,8806000.0,8806000.0,740314.7,17282163.0,reported,13.51483064504885,16.665185487117732,15.990943865297837
NL,2020,9300000.0,9300000.0,711679.3,17407585.0,reported,13.475382667575632,16.67241658873967,16.045524958123483
NL,2021,9003000.0,9003000.0,756350.3,17475415.0,reported,13.536259907632033,16.676305594013893,16.013068413090615
NL,2022,8365000.0,8365000.0,794222.5,17590672.0,reported,13.585118927673356,16.682879319508736,15.939566892403061
NL,2023,8316000.0,8316000.0,789472.6,17811291.0,reported,13.579120406565767,16.69534314000541,15.93369192796004
NO,2004,1903000.0,1902000.0,2424228.7,,reported,14.70102396990565,,14.458942146278286
NO,2005,1968000.0,1968000.0,2496221.4,,reported,14.73028870646075,,14.492528356594336
NO,2006,2140000.0,2139000.0,2567296.0,,reported,14.758363762905663,,14.576316386998034
NO,2007,2312000.0,2284000.0,2655104.8,,reported,14.791994684572183,,14.653623508774405
NO,2008,2324000.0,2300000.0,2676951.0,,reported,14.800189018263247,,14.65880039695394
NO,2009,2269000.0,2240000.0,2633764.9,,reported,14.783924901417233,,14.634849763761979
NO,2010,2295000.0,2258000.0,2660232.0,,reported,14.793923894999722,,14.646243401476783
NO,2011,2403000.0,2356000.0,2697077.3,,reported,14.807679263186849,,14.692228514718606
NO,2012,2392000.0,2343000.0,2773241.9,,reported,14.835527554835801,,14.687640394052659
NO,2013,2518000.0,2485000.0,2808542.7,,reported,14.848176294684515,,14.73897549358643
NO,2014,2175000.0,2127000.0,2867387.7,,reported,14.86891196418477,,14.592539222504922
NO,2015,2187000.0,2155000.0,2926005.4,5165802.0,reported,14.889148706083402,15.457570924377272,14.598041299658904
NO,2016,3946000.0,3946000.0,2963797.2,5213985.0,reported,14.901981842004655,15.46685499660148,15.188212965564698
NO,2017,3949000.0,3949000.0,3042920.0,5258317.0,reported,14.928328138687977,15.475321571537952,15.188972940268787
NO,2018,3927000.0,3927000.0,3076708.0,5295619.0,reported,14.939370752173556,15.482390432923484,15.183386333560147
NO,2019,4151000.0,4151000.0,3121927.3,5328212.0,reported,14.953961093431483,15.48852628020056,15.238859827035176
NO,2020,3905000.0,3905000.0,3079450.9,5367580.0,reported,14.94026185983535,15.495887713141935,15.177768341255923
NO,2021,4320000.0,4320000.0,3207038.0,5391369.0,reported,14.98085832768523,15.500309899503742,15.278765960220293
NO,2022,4189000.0,4189000.0,3337897.8,5425270.0,reported,15.020851765599193,15.506578225737586,15.247972599929172
NO,2023,3997000.0,3989000.0,3349670.2,5488984.0,reported,15.024372451193756,15.518253732607027,15.20105463769346
PL,2004,9759000.0,9715000.0,1114262.4,,reported,13.923703219308694,,16.0937004941236
PL,2005,12169000.0,9352000.0,1150596.5,,reported,13.955791061515516,,16.31440229231894
PL,2006,12235000.0,9877000.0,1221957.7,,reported,14.015964802729936,,16.31981125485891
PL,2007,12264000.0,10082000.0,1304567.5,,reported,14.081382126183453,,16.322178699533787
PL,2008,12194000.0,10037000.0,1361756.8,,reported,14.124286188807897,,16.316454585449897
PL,2009,12053000.0,10054000.0,1397368.5,,reported,14.150101382982955,,16.304824149570482
PL,2010,12032000.0,10040000.0,1441650.0,,reported,14.18129884891954,,16.30308032517176
PL,2011,12129000.0,9828000.0,1517415.4,,reported,14.232519050773586,,16.311109837291017
PL,2012,12084000.0,9582000.0,1540355.4,,reported,14.247523726985163,,16.3073928214887
PL,2013,11295000.0,9474000.0,1550895.1,,reported,14.254342806086754,,16.23987070788424
PL,2014,10330000.0,10331000.0,1611698.1,,reported,14.29279890163067,,16.15056284109582
PL,2015,10863000.0,10864000.0,1683124.8,38005614.0,reported,14.336162623721405,17.453244443620754,16.20087307741589
PL,2016,11654000.0,11654000.0,1734143.3,37967209.0,reported,14.366024074199832,17.45223342410733,16.271160026685155
PL,2017,11969000.0,11969000.0,1823494.3,37972964.0,reported,14.416265163369118,17.452384990788936,16.297830531855507
PL,2018,12485000.0,12485000.0,1937387.2,37976687.0,reported,14.476850819159989,17.452483029422527,16.34003848169601
PL,2019,12753000.0,12753000.0,2026128.4,37972812.0,reported,14.521637337893148,17.452380987933005,16.361277096009037
PL,2020,13117000.0,13117000.0,1984885.2,37958138.0,reported,14.501071636677842,17.451994478869633,16.389419656797283
PL,2021,13674000.0,13674000.0,2122381.8,37073357.0,reported,14.568049506571011,17.42840912942977,16.431006777455877
PL,2022,13420000.0,13420000.0,2233922.7,36889761.0,reported,14.619269656401174,17.42344459083135,16.41225668950781
PL,2023,13448000.0,10551000.0,2239498.7,36753736.0,reported,14.621762604142608,17.41975043832005,16.41434095407059
PT,2004,4665000.0,4665000.0,173264.7,,reported,12.06257576193757,,15.35559839226358
PT,2005,4745000.0,4745000.0,174619.3,,reported,12.070363454652147,,15.372601990026165
PT,2006,4898000.0,4898000.0,177457.0,,reported,12.086483605028358,,15.40433751649425
PT,2007,4967000.0,4967000.0,181905.1,,reported,12.111240401496351,,15.418326594089487
PT,2008,5472000.0,5472000.0,182485.8,,reported,12.114427640758288,,15.515154738284524
PT,2009,5496000.0,5496000.0,176788.4,,reported,12.082708816173465,,15.519531112884323
PT,2010,5457000.0,5457000.0,179860.4,,reported,12.099936273417995,,15.51240974616837
PT,2011,5178000.0,5178000.0,176778.4,,reported,12.082652249776379,,15.45992943929362
PT,2012,4766000.0,4766000.0,169617.3,,reported,12.041300001854793,,15.377017936640824
PT,2013,4598000.0,4598000.0,167948.1,,reported,12.031410282085707,,15.341131984305264
PT,2014,4710000.0,4710000.0,169193.2,,reported,12.03879653622136,,15.3651984659926
PT,2015,4769000.0,4586000.0,171883.0,10395121.0,reported,12.054569291774312,16.156847119418146,15.37764719728036
PT,2016,4891000.0,4607000.0,175327.8,10368554.0,reported,12.074412643618382,16.154288129788643,15.402907339521494
PT,2017,5007000.0,4783000.0,181139.4,10344478.0,reported,12.10702217956837,16.15196340872966,15.426347491312082
PT,2018,5213000.0,4984000.0,186476.3,10335770.0,reported,12.136059432242957,16.15112125243495,15.466666063750242
PT,2019,5281000.0,5027000.0,191596.4,10333496.0,reported,12.163146355198329,16.150901215592892,15.47962603168907
PT,2020,5279000.0,5551000.0,175876.6,10375395.0,reported,12.077537891745601,16.15494769564546,15.479247243805753
PT,2021,5311000.0,5674000.0,185653.2,10394297.0,reported,12.131635696192468,16.1567678483197,15.485290699404537
PT,2022,5323000.0,5614000.0,198622.6,10599117.0,reported,12.199161820694902,16.17628125372571,15.487547612154895
PT,2023,5338000.0,5626000.0,204779.8,10929704.0,reported,12.229690534470453,16.206994778358748,15.490361608946607
RO,2004,7483000.0,6001000.0,449123.4,,reported,13.01505296192687,,15.828144339062495
RO,2005,8173000.0,6558000.0,470089.1,,reported,13.060677530187357,,15.916346596498267
RO,2006,8392000.0,6335000.0,507831.6,,reported,13.137905175540661,,15.942789429058271
RO,2007,8161000.0,6159000.0,544567.2,,reported,13.207746629717988,,15.914877268451379
RO,2008,8439000.0,6561000.0,595252.7,,reported,13.296741300248105,,15.948374376140103
RO,2009,7768000.0,6246000.0,562414.3,,reported,13.23999404589787,,15.865523288953298
RO,2010,6343000.0,5645000.0,540447.5,,reported,13.200152779058833,,15.662862400616035
RO,2011,5216000.0,4713000.0,564743.8,,reported,13.244127455961001,,15.467241382588625
RO,2012,5044000.0,4261000.0,575494.4,,reported,13.262984776427748,,15.433709976066947
RO,2013,5071000.0,4270000.0,577098.6,,reported,13.265768414773397,,15.439048594777157
RO,2014,4956000.0,4338000.0,600852.0,,reported,13.306103926951698,,15.41610952173117
RO,2015,4904000.0,4288000.0,619821.1,19870647.0,reported,13.337186166996082,16.80475417564861,15.405561756598184
RO,2016,5143000.0,4760000.0,637547.7,19760585.0,reported,13.36538437674499,16.799199855108927,15.453147124757054
RO,2017,5333000.0,5072000.0,689797.6,19643949.0,reported,13.444153500209472,16.793279909925317,15.489424489582738
RO,2018,5296000.0,4960000.0,727009.0,19533481.0,reported,13.496694136081395,16.78764052557752,15.482462376598981
RO,2019,5430000.0,5007000.0,755800.5,19414458.0,reported,13.535532731447981,16.78152860419887,15.507449691910118
RO,2020,5619000.0,5113000.0,728606.7,19328838.0,reported,13.498889359232136,16.77710873556488,15.541664270094335
RO,2021,5777000.0,5354000.0,769316.6,19201662.0,reported,13.553257867272198,16.770507395751693,15.569395074763403
RO,2022,5767000.0,5415000.0,801533.2,19043098.0,reported,13.59428167250699,16.762215284175678,15.56766257259755
RO,2023,5822000.0,5482000.0,819629.8,19055228.0,reported,13.616608053885512,16.762852057581934,15.577154403287706
RS,2004,,,2755707.4,,missing,14.829184737119485,,
RS,2005,,,2918390.6,,missing,14.88654285791398,,
RS,2006,1730000.0,1040000.0,3032227.2,,reported,14.924807956973924,,14.363631966473962
RS,2007,2067000.0,1241000.0,3269713.4,,reported,15.000212893772426,,14.541608838663905
RS,2008,2550000.0,1520000.0,3438459.8,,reported,15.050534196529291,,14.75160391713461
RS,2009,2636000.0,1581000.0,3330402.4,,reported,15.0186036954968,,14.784773174604535
RS,2010,2650000.0,1889000.0,3384054.3,,reported,15.034585045678805,,14.790070197962406
RS,2011,2710000.0,2090000.0,3385890.9,,reported,15.035127620246485,,14.812459192855883
RS,2012,2620000.0,1830000.0,3370859.0,,reported,15.030678165990475,,14.77868487573728
RS,2013,2410000.0,1945000.0,3386081.1,,reported,15.035183792953653,,14.695137305466838
RS,2014,2130000.0,1685000.0,3324987.0,,reported,15.016976322290013,,14.571632537685607
RS,2015,1840000.0,1374000.0,3368070.2,7114393.0,reported,15.029850497357542,15.777630473147147,14.425276129585168
RS,2016,1890000.0,1495000.0,3468277.0,7076372.0,reported,15.059168486818603,15.772271904954568,14.452087387035824
RS,2017,2150000.0,1806000.0,3550246.3,7040272.0,reported,15.082527539326588,15.767157363751496,14.580978400103845
RS,2018,2230000.0,1956000.0,3715309.7,7001444.0,reported,15.1279725973969,15.7616269714599,14.6175121434363
RS,2019,2350000.0,2024000.0,3891794.6,6963764.0,reported,15.17438094597247,15.756230690726198,14.669925886120343
RS,2020,2947000.0,2820000.0,3854821.6,6926705.0,reported,15.164835286347119,15.750894789119402,14.896298261719831
RS,2021,3022000.0,2893000.0,4161243.6,6871547.0,reported,15.24132452987079,15.742899820799392,14.921429421814821
RS,2022,3179000.0,3043000.0,4273741.8,6797105.0,reported,15.268000301244133,15.732007344201218,14.97207723989294
RS,2023,3095000.0,2960000.0,4433918.8,6641197.0,reported,15.304794355955075,15.708802776290074,14.945298464100834
SE,2004,4143000.0,4143000.0,3187487.2,,reported,14.974743452754481,,15.236930721059538
SE,2005,4321000.0,4321000.0,3276518.1,,reported,15.002291861633825,,15.27899741491407
SE,2006,4461000.0,4461000.0,3429730.6,,reported,15.047992273783464,,15.310883514110401
SE,2007,4460000.0,4460000.0,3540334.9,,reported,15.079731885155006,,15.310659323996246
SE,2008,4476000.0,4476000.0,3507653.6,,reported,15.070457881874471,,15.314240348413954
SE,2009,4390000.0,4390000.0,3358381.4,,reported,15.026969689681573,,15.294839785051353
SE,2010,4140000.0,4140000.0,3551514.0,,reported,15.082884549408572,,15.236206345801497
SE,2011,4278000.0,4278000.0,3663879.8,,reported,15.114033198561184,,15.268996168624488
SE,2012,4324000.0,4324000.0,3648696.8,,reported,15.109880620708436,,15.279691457741237
SE,2013,4371000.0,4371000.0,3690206.8,,reported,15.121193057806773,,15.290502373845452
SE,2014,4295000.0,4295000.0,3774925.6,,reported,15.143891231861774,,15.272962113400492
SE,2015,4422000.0,4422000.0,3940578.6,9747355.0,reported,15.18683812328418,16.092506524119116,15.302102640399529
SE,2016,4439000.0,4439000.0,4024559.4,9851017.0,reported,15.20792599700447,16.103085256549452,15.305939683816172
SE,2017,4551000.0,4551000.0,4100334.7,9995153.0,reported,15.226579162488992,16.117610833453302,15.330857546998779
SE,2018,4416000.0,4416000.0,4172921.1,10120242.0,reported,15.244126852133983,16.13004813458116,15.300744866939068
SE,2019,4611000.0,4611000.0,4281760.5,10230185.0,reported,15.269874814759957,16.140853221830767,15.343955311188843
SE,2020,4460000.0,4422000.0,4198959.9,10327589.0,reported,15.250347409727897,16.150329415984018,15.310659323996246
SE,2021,4352000.0,4356000.0,4418391.9,10379295.0,reported,15.301286364324632,16.155323514320266,15.286146067517915
SE,2022,4139000.0,4121000.0,4473861.9,10452326.0,reported,15.313762553322908,16.162335095339067,15.23596477073087
SE,2023,4134000.0,4113000.0,4464732.5,10521556.0,reported,15.311719860083702,16.168936663081666,15.23475601922385
SI,2004,969000.0,838000.0,31672.8,,reported,10.36321354737073,,13.784019890872903
SI,2005,989000.0,844000.0,32893.5,,reported,10.4010303488452,,13.804449610604848
SI,2006,1036000.0,886000.0,34837.2,,reported,10.458441060343008,,13.850877701801565
SI,2007,1060000.0,920000.0,37324.3,,reported,10.527399868045327,,13.87377946608825
SI,2008,1095000.0,905000.0,38582.9,,reported,10.56056445211579,,13.906264921232738
SI,2009,1069000.0,851000.0,35654.3,,reported,10.481625035679583,,13.882234190007182
SI,2010,1004000.0,805000.0,36050.8,,reported,10.492684333867702,,13.819502579233811
SI,2011,852000.0,796000.0,36287.1,,reported,10.499217585192557,,13.655341805811453
SI,2012,744000.0,639000.0,35229.1,,reported,10.469627724599658,,13.51979631381523
SI,2013,853000.0,526000.0,34938.9,,reported,10.461356100650962,,13.656514826473817
SI,2014,892000.0,530000.0,35904.2,,reported,10.488609559276835,,13.701221411562146
SI,2015,926000.0,869000.0,36763.5,2062874.0,reported,10.512260784124392,14.539610714085406,13.738629513628316
SI,2016,943000.0,790000.0,37879.1,2064188.0,reported,10.542154787778054,14.540247486706896,13.756821561615595
SI,2017,974000.0,773000.0,39839.1,2065895.0,reported,10.592604121081923,14.541074104524117,13.789166582624672
SI,2018,1009000.0,796000.0,41583.7,2066880.0,reported,10.63546354254205,14.541550781826245,13.824470299335745
SI,2019,1052000.0,868000.0,43041.3,2080908.0,reported,10.669915398840487,14.548314894883847,13.866203672279791
SI,2020,1024000.0,809000.0,41283.0,2095861.0,reported,10.628206071933391,14.555475005430122,13.83922708458159
SI,2021,1077000.0,853000.0,44757.8,2108977.0,reported,10.709021010190208,14.56171355375896,13.889689956138525
SI,2022,1029000.0,864000.0,45952.1,2107180.0,reported,10.735354828589372,14.560861118658078,13.844098014816186
SI,2023,1097000.0,909000.0,47043.9,2116972.0,reported,10.758836487299082,14.565497323765953,13.908089739257367
SK,2004,1400000.0,1400000.0,50288.0,,reported,10.825521759037349,,14.151982794585487
SK,2005,1468000.0,1381000.0,53549.2,,reported,10.888356136455245,,14.199411488156597
SK,2006,1524000.0,1441000.0,58328.8,,reported,10.973851246931916,,14.236849015228728
SK,2007,1579000.0,1494000.0,64639.2,,reported,11.076576316880766,,14.272302293237779
SK,2008,1686000.0,1557000.0,68106.0,,reported,11.128820593983395,,14.337869417543939
SK,2009,1654000.0,1583000.0,64356.5,,reported,11.072193218024106,,14.318707154565773
SK,2010,1719000.0,1666000.0,68726.7,,reported,11.137893048995243,,14.357253284364987
SK,2011,1679000.0,1609000.0,70487.8,,reported,11.163194924180152,,14.333708936059677
SK,2012,1657000.0,1601000.0,71593.9,,reported,11.178765153788666,,14.3205192964087
SK,2013,1645000.0,1502000.0,72097.4,,reported,11.185773261596474,,14.31325094218161
SK,2014,1733000.0,1528000.0,74049.8,,reported,11.212493118814512,,14.365364568697743
SK,2015,1784000.0,1683000.0,77883.2,5421349.0,reported,11.26296554749666,15.505855235436037,14.394368592122092
SK,2016,1890000.0,1875000.0,79400.3,5426252.0,reported,11.282257425565621,15.50675921417454,14.452087387035824
SK,2017,2058000.0,2057000.0,81682.8,5435343.0,reported,11.310598732368529,15.50843318602175,14.537245195376132
SK,2018,2254000.0,2253000.0,85000.9,5443120.0,reported,11.350417123651692,15.509862983838755,14.628216973581859
SK,2019,2299000.0,2293000.0,86935.4,5450421.0,reported,11.372920593090086,15.511203411362398,14.647984803745318
SK,2020,2612000.0,2568000.0,84687.7,5457873.0,reported,11.346725651676985,15.512569711383147,14.775626769378459
SK,2021,2705000.0,2660000.0,89477.5,5459781.0,reported,11.401742476009467,15.512919237026555,14.810612470262718
SK,2022,2597000.0,2531000.0,89964.8,5434712.0,reported,11.407173761697392,15.50831708725303,14.769867490644886
SK,2023,2561000.0,2506000.0,91865.4,5428792.0,reported,11.428079741259781,15.507227199388854,14.755908365181662
TR,2004,29736000.0,25015000.0,919228.7,,reported,13.731290227831698,,17.207868990959224
TR,2005,31352000.0,26617000.0,1002985.0,,reported,13.818491111697647,,17.260788618861604
TR,2006,30082000.0,25281000.0,1073872.2,,reported,13.886781552557142,,17.219437544197294
TR,2007,30366000.0,25818000.0,1128727.6,,reported,13.936601538555179,,17.22883411942427
TR,2008,28454000.0,24074000.0,1139113.2,,reported,13.945760622916728,,17.163799306193248
TR,2009,30196000.0,26015000.0,1083493.8,,reported,13.895701377745594,,17.22322002324165
TR,2010,29733000.0,25098000.0,1176048.0,,reported,13.977670222934277,,17.207768098056956
TR,2011,30862000.0,26610000.0,1305177.6,,reported,14.081849681433283,,17.245036211613286
TR,2012,30786000.0,25707000.0,1367925.7,,reported,14.128806062824138,,17.242570599152156
TR,2013,30920000.0,25427000.0,1484038.7,,reported,14.210277780536549,,17.246913781683496
TR,2014,31230000.0,27990000.0,1552316.3,,reported,14.25525876050698,,17.25688972925926
TR,2015,31283000.0,27569000.0,1642437.1,77695904.0,reported,14.311691733326036,18.168313098375645,17.258585376970903
TR,2016,33763000.0,31584000.0,1697026.3,78741053.0,reported,14.344388042033808,18.181675216517192,17.33487608630323
TR,2017,34173000.0,31968000.0,1829833.1,79814871.0,reported,14.41973531847264,18.19522039844186,17.346946416550157
TR,2018,34533000.0,32209000.0,1893294.5,80810525.0,reported,14.4538289912555,18.20761777490923,17.357425946565307
TR,2019,35017000.0,32661000.0,1917938.1,82003882.0,reported,14.466761260703478,18.222277145571372,17.3713442158184
TR,2020,34581000.0,32324000.0,1952519.7,83154997.0,reported,14.48463125027376,18.236216858009172,17.35881495625126
TR,2021,35022000.0,32737000.0,2183133.7,83614362.0,reported,14.596271879648377,18.24172585755836,17.371486993413985
TR,2022,32422000.0,,2301922.9,84680273.0,reported,14.649255375087957,18.25439322812749,17.294347762683657
TR,2023,32457000.0,,2418057.7,85279553.0,reported,14.698475172568608,18.26144527681085,17.29542669433782
